{
	"skin-name": "skygames",
	"preview-bg": "#303030",
	"text": "#f0f0f0",
	"text-inverse": "#000000",
	"text-disabled": "#aaaaaa",
	"has-gradients": false,
	"has-radius": false,
	"has-boxshadow": true,
	"has-button-borders": true,
	"btn-text": "#2f2f2f",
	"btn-text-shadow": "#a0c4ff",
	"btn-bg": "#448aff",
	"btn-bg-hlight": "#448aff",
	"btn-border-top": "rgba(140,140,140,0.5)",
	"btn-border-right": "rgba(112,112,112,0.5)",
	"btn-border-bottom": "rgba(120,120,120,0.25)",
	"btn-border-left": "rgba(107,107,107,0.5)",
	"btn-split-border": "#6e6e6e",
	"btn-primary-text": "#ffffff",
	"btn-primary-text-shadow": "#333333",
	"btn-primary-bg": "#0a65ff",
	"btn-primary-bg-hlight": "#0a65ff",
	"btn-padding": "4px 8px",
	"menu-bg": "#659fff",
	"menu-border": "rgba(0,0,0,0.2)",
	"menuitem-text": "#000000",
	"menuitem-bg-selected": "#0460fa",
	"menuitem-bg-selected-hlight": "#0460fa",
	"menuitem-separator-top": "#b3b3b3",
	"menuitem-separator-bottom": "#383838",
	"menuitem-text-inverse": "#ffffff",
	"menuitem-bg-active": "#aacaff",
	"menuitem-text-active": "#ffffff",
	"menuitem-preview-border-active": "#0041ad",
	"menubar-menubtn-text": "#dddddd",
	"checkbox-border": "#8f8f8f",
	"checkbox-border-focus": "#1e7dad",
	"panel-border": "#5997ff",
	"panel-bg": "#383838",
	"panel-bg-hlight": "#383838",
	"textbox-bg": "#5c5c5c",
	"textbox-border": "#8f8f8f",
	"textbox-border-focus": "#a6a6a6",
	"window-bg": "#474747",
	"window-border": "#c4c4c4",
	"tab-bg": "#616161",
	"tab-bg-hover": "#828282",
	"tab-bg-active": "#828282",
	"tab-border": "#9e9e9e",
	"tabs-bg": "#616161",
	"notification-bg": "#f0f0f0",
	"notification-border": "#cccccc",
	"notification-text": "#333333",
	"notification-success-bg": "#dff0d8",
	"notification-success-border": "#d6e9c6",
	"notification-success-text": "#3c763d",
	"notification-info-bg": "#d9edf7",
	"notification-info-border": "#779ecb",
	"notification-info-text": "#31708f",
	"notification-warning-bg": "#fcf8e3",
	"notification-warning-border": "#faebcc",
	"notification-warning-text": "#8a6d3b",
	"notification-error-bg": "#f2dede",
	"notification-error-border": "#ebccd1",
	"notification-error-text": "#a94442",
	"progress-bar-bg": "#8f8f8f",
	"progress-bar-bg-hlight": "#636363",
	"progress-border": "#202a33",
	"progress-text": "#c4c4c4",
	"progress-text-shadow": "#000000",
	"slider-bg": "#636363",
	"slider-border": "#8f8f8f",
	"slider-handle-bg": "#474747",
	"slider-handle-border": "#8f8f8f",
	"colorbtn-backcolor-bg": "#d9d9d9",
	"grid-border": "#d6d6d6",
	"grid-border-active": "#d6d6d6"
}